{"cameraMode":{"drawMode":0,"name":"Shaded","section":"Shading Mode"},"sceneLighting":true,"audioPlay":false,"sceneViewState":{"showFog":true,"showMaterialUpdate":true,"showSkybox":true,"showFlares":true,"showImageEffects":true,"showParticleSystems":true},"in2DMode":false,"pivot":{"x":-86.24849700927735,"y":40.46628952026367,"z":4.956081867218018},"rotation":{"x":-0.0011684643104672433,"y":-0.9980108141899109,"z":-0.019463788717985154,"w":0.05995287001132965},"size":23.729658126831056,"orthographic":false}