{"cameraMode":{"drawMode":0,"name":"Shaded","section":"Shading Mode"},"sceneLighting":true,"audioPlay":false,"sceneViewState":{"showFog":true,"showMaterialUpdate":true,"showSkybox":true,"showFlares":true,"showImageEffects":true,"showParticleSystems":true},"in2DMode":false,"pivot":{"x":-87.1864013671875,"y":39.94540786743164,"z":10.898420333862305},"rotation":{"x":-0.0021006795577704908,"y":0.9940160512924194,"z":0.01938752457499504,"w":0.10747937858104706},"size":1.4803645610809327,"orthographic":false}