{"cameraMode":{"drawMode":0,"name":"Shaded","section":"Shading Mode"},"sceneLighting":true,"audioPlay":false,"sceneViewState":{"showFog":true,"showMaterialUpdate":true,"showSkybox":true,"showFlares":true,"showImageEffects":true,"showParticleSystems":true},"in2DMode":false,"pivot":{"x":-57.84428405761719,"y":43.686279296875,"z":6.057008266448975},"rotation":{"x":-0.0013867872767150403,"y":-0.9840810298919678,"z":0.17754893004894257,"w":-0.007680012844502926},"size":74.38358306884766,"orthographic":false}