{"cameraMode":{"drawMode":0,"name":"Shaded","section":"Shading Mode"},"sceneLighting":true,"audioPlay":false,"sceneViewState":{"showFog":true,"showMaterialUpdate":true,"showSkybox":true,"showFlares":true,"showImageEffects":true,"showParticleSystems":true},"in2DMode":false,"pivot":{"x":-92.56917572021485,"y":39.476280212402347,"z":8.264965057373047},"rotation":{"x":-0.10802104324102402,"y":0.7696597576141357,"z":-0.13528673350811006,"w":-0.6145346164703369},"size":19.013479232788087,"orthographic":false}