{"cameraMode":{"drawMode":0,"name":"Shaded","section":"Shading Mode"},"sceneLighting":false,"audioPlay":false,"sceneViewState":{"showFog":true,"showMaterialUpdate":true,"showSkybox":true,"showFlares":true,"showImageEffects":true,"showParticleSystems":true},"in2DMode":false,"pivot":{"x":-6.677394866943359,"y":0.3815581798553467,"z":-1.623632788658142},"rotation":{"x":-0.3732275664806366,"y":-0.008082039654254914,"z":0.00324283167719841,"w":-0.9276989698410034},"size":1.4803663492202759,"orthographic":false}