{"cameraMode":{"drawMode":0,"name":"Shaded","section":"Shading Mode"},"sceneLighting":false,"audioPlay":false,"sceneViewState":{"showFog":true,"showMaterialUpdate":false,"showSkybox":true,"showFlares":true,"showImageEffects":true,"showParticleSystems":true},"in2DMode":false,"pivot":{"x":-6.677394866943359,"y":0.3815581798553467,"z":-1.623632788658142},"rotation":{"x":-0.17428241670131684,"y":0.33289670944213869,"z":-0.06274757534265518,"w":-0.9245908260345459},"size":1.4803663492202759,"orthographic":false}