{"cameraMode":{"drawMode":0,"name":"Shaded","section":"Shading Mode"},"sceneLighting":false,"audioPlay":false,"sceneViewState":{"showFog":true,"showMaterialUpdate":false,"showSkybox":true,"showFlares":true,"showImageEffects":true,"showParticleSystems":true},"in2DMode":false,"pivot":{"x":-6.630322456359863,"y":0.37578076124191286,"z":-1.166111946105957},"rotation":{"x":-0.48797374963760378,"y":0.510759174823761,"z":-0.474685400724411,"w":-0.5250529050827026},"size":1.059167742729187,"orthographic":false}