{"cameraMode":{"drawMode":0,"name":"Shaded","section":"Shading Mode"},"sceneLighting":false,"audioPlay":false,"sceneViewState":{"showFog":true,"showMaterialUpdate":false,"showSkybox":true,"showFlares":true,"showImageEffects":true,"showParticleSystems":true},"in2DMode":false,"pivot":{"x":0.0,"y":0.27445080876350405,"z":0.00034230947494506836},"rotation":{"x":-0.25036537647247317,"y":0.6963610649108887,"z":-0.2864936590194702,"w":-0.6085391044616699},"size":1.003934383392334,"orthographic":false}