{"cameraMode":{"drawMode":0,"name":"Shaded","section":"Shading Mode"},"sceneLighting":true,"audioPlay":false,"sceneViewState":{"showFog":true,"showMaterialUpdate":true,"showSkybox":true,"showFlares":true,"showImageEffects":true,"showParticleSystems":true},"in2DMode":false,"pivot":{"x":-84.9800033569336,"y":42.1199951171875,"z":5.104000091552734},"rotation":{"x":0.05130159482359886,"y":0.9145136475563049,"z":-0.12281768769025803,"w":0.38203248381614687},"size":225.40902709960938,"orthographic":false}