{"cameraMode":{"drawMode":0,"name":"Shaded","section":"Shading Mode"},"sceneLighting":true,"audioPlay":false,"sceneViewState":{"showFog":true,"showMaterialUpdate":true,"showSkybox":true,"showFlares":true,"showImageEffects":true,"showParticleSystems":true},"in2DMode":false,"pivot":{"x":-86.24849700927735,"y":40.46628952026367,"z":4.956081867218018},"rotation":{"x":0.04715555161237717,"y":-0.9162141680717468,"z":0.11326609551906586,"w":0.381443053483963},"size":11.733588218688965,"orthographic":false}