{"cameraMode":{"drawMode":0,"name":"Shaded","section":"Shading Mode"},"sceneLighting":false,"audioPlay":false,"sceneViewState":{"showFog":true,"showMaterialUpdate":true,"showSkybox":true,"showFlares":true,"showImageEffects":true,"showParticleSystems":true},"in2DMode":false,"pivot":{"x":0.0,"y":0.27445080876350405,"z":0.00034230947494506836},"rotation":{"x":-0.3732275664806366,"y":-0.008082039654254914,"z":0.00324283167719841,"w":-0.9276989698410034},"size":1.003934383392334,"orthographic":false}