{"cameraMode":{"drawMode":0,"name":"Shaded","section":"Shading Mode"},"sceneLighting":true,"audioPlay":false,"sceneViewState":{"showFog":true,"showMaterialUpdate":true,"showSkybox":true,"showFlares":true,"showImageEffects":true,"showParticleSystems":true},"in2DMode":false,"pivot":{"x":-83.85334777832031,"y":39.983097076416019,"z":6.472134590148926},"rotation":{"x":0.017486663535237314,"y":0.966030478477478,"z":-0.24872499704360963,"w":0.06793557107448578},"size":5.89765739440918,"orthographic":false}