{"cameraMode":{"drawMode":0,"name":"Shaded","section":"Shading Mode"},"sceneLighting":false,"audioPlay":false,"sceneViewState":{"showFog":true,"showMaterialUpdate":true,"showSkybox":true,"showFlares":true,"showImageEffects":true,"showParticleSystems":true},"in2DMode":false,"pivot":{"x":-6.630322456359863,"y":0.37578076124191286,"z":-1.166111946105957},"rotation":{"x":-0.3732275664806366,"y":-0.008082039654254914,"z":0.00324283167719841,"w":-0.9276989698410034},"size":1.059167742729187,"orthographic":false}