{"cameraMode":{"drawMode":0,"name":"Shaded","section":"Shading Mode"},"sceneLighting":true,"audioPlay":false,"sceneViewState":{"showFog":true,"showMaterialUpdate":true,"showSkybox":true,"showFlares":true,"showImageEffects":true,"showParticleSystems":true},"in2DMode":false,"pivot":{"x":-58.693729400634769,"y":42.287506103515628,"z":3.8319284915924074},"rotation":{"x":-0.000022993819584371522,"y":-0.9999067187309265,"z":0.013495953753590584,"w":-0.0021157467272132637},"size":5.3220319747924809,"orthographic":false}