{"cameraMode":{"drawMode":0,"name":"Shaded","section":"Shading Mode"},"sceneLighting":true,"audioPlay":false,"sceneViewState":{"showFog":true,"showMaterialUpdate":true,"showSkybox":true,"showFlares":true,"showImageEffects":true,"showParticleSystems":true},"in2DMode":false,"pivot":{"x":-92.56917572021485,"y":39.476280212402347,"z":8.264965057373047},"rotation":{"x":-0.0946824848651886,"y":0.8462939262390137,"z":-0.16056379675865174,"w":-0.4990401864051819},"size":24.91741180419922,"orthographic":false}