{"cameraMode":{"drawMode":0,"name":"Shaded","section":"Shading Mode"},"sceneLighting":true,"audioPlay":false,"sceneViewState":{"showFog":true,"showMaterialUpdate":true,"showSkybox":true,"showFlares":true,"showImageEffects":true,"showParticleSystems":true},"in2DMode":false,"pivot":{"x":-85.58349609375,"y":40.882957458496097,"z":4.769136428833008},"rotation":{"x":-0.005057081580162048,"y":0.9777422547340393,"z":-0.20839843153953553,"w":-0.02376166731119156},"size":6.768577575683594,"orthographic":false}