{"cameraMode":{"drawMode":0,"name":"Shaded","section":"Shading Mode"},"sceneLighting":true,"audioPlay":false,"sceneViewState":{"showFog":true,"showMaterialUpdate":true,"showSkybox":true,"showFlares":true,"showImageEffects":true,"showParticleSystems":true},"in2DMode":false,"pivot":{"x":-85.68931579589844,"y":44.21927261352539,"z":13.898942947387696},"rotation":{"x":-0.05993473529815674,"y":-0.03234652057290077,"z":-0.0019508887780830265,"w":0.9976761937141419},"size":15.187335014343262,"orthographic":false}