{"cameraMode":{"drawMode":0,"name":"Shaded","section":"Shading Mode"},"sceneLighting":false,"audioPlay":false,"sceneViewState":{"showFog":true,"showMaterialUpdate":true,"showSkybox":true,"showFlares":true,"showImageEffects":true,"showParticleSystems":true},"in2DMode":false,"pivot":{"x":-0.002086656168103218,"y":0.006362909451127052,"z":-0.005798260681331158},"rotation":{"x":-0.18481871485710145,"y":-0.31612318754196169,"z":0.06292767822742462,"w":-0.9284117221832275},"size":0.0026432161685079338,"orthographic":false}