{"cameraMode":{"drawMode":0,"name":"Shaded","section":"Shading Mode"},"sceneLighting":true,"audioPlay":false,"sceneViewState":{"showFog":true,"showMaterialUpdate":true,"showSkybox":true,"showFlares":true,"showImageEffects":true,"showParticleSystems":true},"in2DMode":false,"pivot":{"x":-86.71218872070313,"y":39.95756530761719,"z":4.441946983337402},"rotation":{"x":-0.002679065801203251,"y":0.9952661991119385,"z":-0.0928250327706337,"w":-0.02866261452436447},"size":53.24292755126953,"orthographic":false}